network,npz_id,Site_ID,Dep,n_days,Total_ves_dep,Total_inside,Total_inside_small,Inside_maneuver,Inside_maneuver_small,mean_per_day,mean_overall,Inside_transit,Inside_transit_small,n_ves_used_inout,prop_inside,total_outside,prop_inside_small,total_out_small
Northwest,DMP,DNE,DAMPIER_202009_DNE,58,138,3,24,1,14,2.3793103448275863,0.10087719298245613,2,10,68,0.04411764705882353,65,0.35294117647058826,44
Northwest,DMP,DSW,DAMPIER_202009_DSW,58,238,4,12,2,4,4.103448275862069,0.1739766081871345,2,8,57,0.07017543859649122,53,0.21052631578947367,45
Northwest,NMP,NGN,NINGALOO_201909_NGN,55,40,1,22,0,0,0.7272727272727273,0.030864197530864196,1,22,31,0.03225806451612903,30,0.7096774193548387,9
Northwest,NMP,NGS,NINGALOO_201909_NGS,56,86,3,72,2,2,1.5357142857142858,0.06515151515151515,1,70,78,0.038461538461538464,75,0.9230769230769231,6
South-west,GMP,GEO,GEOGRAPHE_202201_GEO,91,575,1,29,0,20,6.318681318681318,0.2662037037037037,1,9,390,0.002564102564102564,389,0.07435897435897436,361
South-west,JMP,JNE,JURIEN_202201_JNE,66,286,13,77,1,40,4.333333333333333,0.18333333333333332,12,37,234,0.05555555555555555,221,0.32905982905982906,157
South-west,JMP,JSE,JURIEN_202201_JSE,40,139,8,30,2,10,3.475,0.1485042735042735,6,20,111,0.07207207207207207,103,0.2702702702702703,81
South-west,MMP,MRE,MURAT_202002_MRE,86,2,0,0,0,0,0.023255813953488372,9.689922480620155e-4,0,0,2,0,2,0,2
South-west,MMP,MRW,MURAT_202002_MRW,78,2,0,0,0,0,0.02564102564102564,0.0010683760683760685,0,0,2,0,2,0,2
South-west,SWCMP,SWS,SWC_202201_SWS,85,343,0,0,0,0,4.035294117647059,0.1701388888888889,0,0,264,0,264,0,264
South-west,TRMP,TRE,TWOROCKS_202105_TRE,78,589,29,137,25,119,7.551282051282051,0.31872294372294374,4,18,424,0.06839622641509434,395,0.3231132075471698,287
South-west,TRMP,TRW,TWOROCKS_202105_TRW,86,520,32,190,27,153,6.046511627906977,0.2549019607843137,5,37,407,0.07862407862407862,375,0.4668304668304668,217
Temperate East,CGMP,CG,CGMP_201807_CG,35,364,39,198,14,45,10.4,0.43333333333333335,25,153,208,0.1875,169,0.9519230769230769,10
Temperate East,CGMP,CG,CGMP_201812_CG,71,395,1,72,0,0,5.563380281690141,0.2318075117370892,1,72,95,0.010526315789473684,94,0.7578947368421053,23
Temperate East,CGMP,CG,CGMP_201904_CG,75,473,52,294,31,72,6.306666666666667,0.2627777777777778,21,222,327,0.15902140672782875,275,0.8990825688073395,33
Temperate East,SIMP,EP,SIMP_201808_EP,34,240,9,73,4,26,7.0588235294117645,0.29411764705882354,5,47,101,0.0891089108910891,92,0.7227722772277227,28
Temperate East,SIMP,EP,SIMP_201812_EP,35,222,16,68,12,45,6.3428571428571425,0.2642857142857143,4,23,130,0.12307692307692308,114,0.5230769230769231,62
Temperate East,SIMP,EP,SIMP_201906_EP,20,96,19,47,19,36,4.8,0.2,0,11,74,0.25675675675675674,55,0.6351351351351351,27
Temperate East,SIMP,WP,SIMP_201808_WP,33,283,28,129,4,28,8.575757575757576,0.3573232323232323,24,101,164,0.17073170731707318,136,0.7865853658536586,35
Temperate East,SIMP,WP,SIMP_201812_WP,35,221,24,89,17,34,6.314285714285714,0.2630952380952381,7,55,135,0.17777777777777778,111,0.6592592592592592,46
Temperate East,SIMP,WP,SIMP_201906_WP,61,247,53,141,46,79,4.049180327868853,0.1687158469945355,7,62,167,0.31736526946107785,114,0.844311377245509,26
